<?xml version="1.0"?>
<font>
  <info face="Coiny" size="54" bold="0" italic="0" charset="" unicode="1" stretchH="100" smooth="1" aa="1" padding="5,5,5,5" spacing="1,1" outline="0"/>
  <common lineHeight="55" base="41" scaleW="512" scaleH="512" pages="1" packed="0" alphaChnl="0" redChnl="4" greenChnl="4" blueChnl="4"/>
  <pages>
    <page id="0" file="coiny_54_0.png" />
  </pages>
  <chars count="95">
    <char id="32" x="495" y="101" width="13" height="11" xoffset="-6" yoffset="49" xadvance="15" page="0" chnl="15" />
    <char id="33" x="314" y="60" width="25" height="49" xoffset="-3" yoffset="-2" xadvance="19" page="0" chnl="15" />
    <char id="34" x="0" y="343" width="39" height="27" xoffset="-3" yoffset="-1" xadvance="32" page="0" chnl="15" />
    <char id="35" x="449" y="251" width="48" height="37" xoffset="-5" yoffset="10" xadvance="38" page="0" chnl="15" />
    <char id="36" x="240" y="0" width="44" height="59" xoffset="-3" yoffset="-5" xadvance="39" page="0" chnl="15" />
    <char id="37" x="410" y="0" width="57" height="51" xoffset="-5" yoffset="-4" xadvance="48" page="0" chnl="15" />
    <char id="38" x="402" y="54" width="55" height="48" xoffset="-5" yoffset="-1" xadvance="45" page="0" chnl="15" />
    <char id="39" x="65" y="342" width="24" height="27" xoffset="-3" yoffset="-1" xadvance="18" page="0" chnl="15" />
    <char id="40" x="182" y="0" width="28" height="60" xoffset="-2" yoffset="-5" xadvance="23" page="0" chnl="15" />
    <char id="41" x="211" y="0" width="28" height="60" xoffset="-2" yoffset="-5" xadvance="22" page="0" chnl="15" />
    <char id="42" x="412" y="294" width="39" height="31" xoffset="-4" yoffset="-5" xadvance="31" page="0" chnl="15" />
    <char id="43" x="340" y="295" width="36" height="36" xoffset="-3" yoffset="10" xadvance="30" page="0" chnl="15" />
    <char id="44" x="40" y="342" width="24" height="27" xoffset="-4" yoffset="28" xadvance="17" page="0" chnl="15" />
    <char id="45" x="264" y="332" width="29" height="18" xoffset="-4" yoffset="17" xadvance="21" page="0" chnl="15" />
    <char id="46" x="195" y="339" width="23" height="19" xoffset="-4" yoffset="28" xadvance="15" page="0" chnl="15" />
    <char id="47" x="378" y="106" width="35" height="48" xoffset="-2" yoffset="-1" xadvance="29" page="0" chnl="15" />
    <char id="48" x="45" y="210" width="43" height="47" xoffset="-4" yoffset="0" xadvance="36" page="0" chnl="15" />
    <char id="49" x="87" y="258" width="30" height="46" xoffset="-4" yoffset="0" xadvance="23" page="0" chnl="15" />
    <char id="50" x="298" y="208" width="39" height="47" xoffset="-4" yoffset="0" xadvance="31" page="0" chnl="15" />
    <char id="51" x="217" y="208" width="40" height="47" xoffset="-4" yoffset="0" xadvance="32" page="0" chnl="15" />
    <char id="52" x="0" y="258" width="45" height="46" xoffset="-4" yoffset="0" xadvance="37" page="0" chnl="15" />
    <char id="53" x="258" y="208" width="39" height="47" xoffset="-3" yoffset="0" xadvance="32" page="0" chnl="15" />
    <char id="54" x="130" y="111" width="41" height="48" xoffset="-4" yoffset="-1" xadvance="33" page="0" chnl="15" />
    <char id="55" x="46" y="258" width="40" height="46" xoffset="-4" yoffset="0" xadvance="32" page="0" chnl="15" />
    <char id="56" x="172" y="111" width="41" height="48" xoffset="-4" yoffset="-1" xadvance="33" page="0" chnl="15" />
    <char id="57" x="214" y="111" width="41" height="48" xoffset="-4" yoffset="-1" xadvance="33" page="0" chnl="15" />
    <char id="58" x="0" y="305" width="24" height="37" xoffset="-4" yoffset="10" xadvance="16" page="0" chnl="15" />
    <char id="59" x="153" y="256" width="25" height="45" xoffset="-4" yoffset="10" xadvance="17" page="0" chnl="15" />
    <char id="60" x="416" y="251" width="32" height="38" xoffset="-4" yoffset="9" xadvance="24" page="0" chnl="15" />
    <char id="61" x="452" y="289" width="40" height="29" xoffset="-5" yoffset="14" xadvance="30" page="0" chnl="15" />
    <char id="62" x="383" y="255" width="32" height="38" xoffset="-4" yoffset="9" xadvance="24" page="0" chnl="15" />
    <char id="63" x="275" y="60" width="38" height="49" xoffset="-4" yoffset="-2" xadvance="31" page="0" chnl="15" />
    <char id="64" x="320" y="0" width="65" height="56" xoffset="-5" yoffset="0" xadvance="56" page="0" chnl="15" />
    <char id="65" x="333" y="159" width="45" height="47" xoffset="-3" yoffset="-1" xadvance="38" page="0" chnl="15" />
    <char id="66" x="424" y="152" width="44" height="47" xoffset="-2" yoffset="-1" xadvance="40" page="0" chnl="15" />
    <char id="67" x="50" y="61" width="48" height="49" xoffset="-3" yoffset="-2" xadvance="42" page="0" chnl="15" />
    <char id="68" x="379" y="155" width="44" height="47" xoffset="-2" yoffset="-1" xadvance="39" page="0" chnl="15" />
    <char id="69" x="469" y="151" width="41" height="47" xoffset="-2" yoffset="-1" xadvance="36" page="0" chnl="15" />
    <char id="70" x="133" y="208" width="41" height="47" xoffset="-2" yoffset="-1" xadvance="35" page="0" chnl="15" />
    <char id="71" x="99" y="61" width="48" height="49" xoffset="-3" yoffset="-2" xadvance="42" page="0" chnl="15" />
    <char id="72" x="49" y="162" width="48" height="47" xoffset="-3" yoffset="-1" xadvance="42" page="0" chnl="15" />
    <char id="73" x="451" y="200" width="24" height="47" xoffset="-2" yoffset="-1" xadvance="20" page="0" chnl="15" />
    <char id="74" x="46" y="113" width="41" height="48" xoffset="-3" yoffset="-1" xadvance="36" page="0" chnl="15" />
    <char id="75" x="0" y="210" width="44" height="47" xoffset="-2" yoffset="-1" xadvance="39" page="0" chnl="15" />
    <char id="76" x="338" y="207" width="38" height="47" xoffset="-2" yoffset="-1" xadvance="33" page="0" chnl="15" />
    <char id="77" x="438" y="103" width="56" height="47" xoffset="-2" yoffset="-1" xadvance="51" page="0" chnl="15" />
    <char id="78" x="194" y="160" width="46" height="47" xoffset="-2" yoffset="-1" xadvance="42" page="0" chnl="15" />
    <char id="79" x="0" y="63" width="49" height="49" xoffset="-3" yoffset="-2" xadvance="43" page="0" chnl="15" />
    <char id="80" x="89" y="210" width="43" height="47" xoffset="-2" yoffset="-1" xadvance="38" page="0" chnl="15" />
    <char id="81" x="0" y="0" width="49" height="62" xoffset="-3" yoffset="-2" xadvance="43" page="0" chnl="15" />
    <char id="82" x="287" y="160" width="45" height="47" xoffset="-3" yoffset="-1" xadvance="39" page="0" chnl="15" />
    <char id="83" x="148" y="61" width="44" height="49" xoffset="-3" yoffset="-2" xadvance="37" page="0" chnl="15" />
    <char id="84" x="146" y="160" width="47" height="47" xoffset="-3" yoffset="-1" xadvance="40" page="0" chnl="15" />
    <char id="85" x="0" y="113" width="45" height="48" xoffset="-3" yoffset="-1" xadvance="40" page="0" chnl="15" />
    <char id="86" x="458" y="52" width="46" height="48" xoffset="-3" yoffset="-1" xadvance="41" page="0" chnl="15" />
    <char id="87" x="340" y="57" width="61" height="48" xoffset="-3" yoffset="-1" xadvance="55" page="0" chnl="15" />
    <char id="88" x="0" y="162" width="48" height="47" xoffset="-3" yoffset="-1" xadvance="41" page="0" chnl="15" />
    <char id="89" x="241" y="160" width="45" height="47" xoffset="-3" yoffset="-1" xadvance="38" page="0" chnl="15" />
    <char id="90" x="98" y="160" width="47" height="47" xoffset="-3" yoffset="-1" xadvance="41" page="0" chnl="15" />
    <char id="91" x="120" y="0" width="30" height="60" xoffset="0" yoffset="-5" xadvance="26" page="0" chnl="15" />
    <char id="92" x="468" y="0" width="36" height="51" xoffset="-4" yoffset="-4" xadvance="29" page="0" chnl="15" />
    <char id="93" x="151" y="0" width="30" height="60" xoffset="-4" yoffset="-5" xadvance="26" page="0" chnl="15" />
    <char id="94" x="133" y="342" width="32" height="23" xoffset="-3" yoffset="17" xadvance="26" page="0" chnl="15" />
    <char id="95" x="219" y="332" width="44" height="18" xoffset="-5" yoffset="28" xadvance="35" page="0" chnl="15" />
    <char id="96" x="166" y="341" width="28" height="21" xoffset="-4" yoffset="-5" xadvance="20" page="0" chnl="15" />
    <char id="97" x="304" y="256" width="40" height="38" xoffset="-3" yoffset="9" xadvance="34" page="0" chnl="15" />
    <char id="98" x="88" y="111" width="41" height="48" xoffset="-3" yoffset="-1" xadvance="34" page="0" chnl="15" />
    <char id="99" x="222" y="256" width="40" height="38" xoffset="-4" yoffset="9" xadvance="32" page="0" chnl="15" />
    <char id="100" x="297" y="110" width="40" height="48" xoffset="-3" yoffset="-1" xadvance="34" page="0" chnl="15" />
    <char id="101" x="263" y="256" width="40" height="38" xoffset="-4" yoffset="9" xadvance="32" page="0" chnl="15" />
    <char id="102" x="416" y="203" width="34" height="47" xoffset="-4" yoffset="-1" xadvance="25" page="0" chnl="15" />
    <char id="103" x="234" y="61" width="40" height="49" xoffset="-3" yoffset="9" xadvance="34" page="0" chnl="15" />
    <char id="104" x="256" y="111" width="40" height="48" xoffset="-3" yoffset="-2" xadvance="34" page="0" chnl="15" />
    <char id="105" x="414" y="103" width="23" height="48" xoffset="-3" yoffset="-2" xadvance="16" page="0" chnl="15" />
    <char id="106" x="285" y="0" width="34" height="59" xoffset="-13" yoffset="-2" xadvance="18" page="0" chnl="15" />
    <char id="107" x="377" y="207" width="38" height="47" xoffset="-3" yoffset="-1" xadvance="31" page="0" chnl="15" />
    <char id="108" x="476" y="199" width="23" height="47" xoffset="-3" yoffset="-1" xadvance="17" page="0" chnl="15" />
    <char id="109" x="25" y="305" width="55" height="36" xoffset="-3" yoffset="10" xadvance="49" page="0" chnl="15" />
    <char id="110" x="137" y="304" width="40" height="36" xoffset="-3" yoffset="10" xadvance="33" page="0" chnl="15" />
    <char id="111" x="179" y="256" width="42" height="38" xoffset="-4" yoffset="9" xadvance="34" page="0" chnl="15" />
    <char id="112" x="193" y="61" width="40" height="49" xoffset="-3" yoffset="9" xadvance="34" page="0" chnl="15" />
    <char id="113" x="175" y="208" width="41" height="47" xoffset="-4" yoffset="10" xadvance="34" page="0" chnl="15" />
    <char id="114" x="377" y="294" width="34" height="36" xoffset="-3" yoffset="10" xadvance="25" page="0" chnl="15" />
    <char id="115" x="345" y="255" width="37" height="38" xoffset="-3" yoffset="9" xadvance="30" page="0" chnl="15" />
    <char id="116" x="118" y="258" width="34" height="45" xoffset="-4" yoffset="1" xadvance="27" page="0" chnl="15" />
    <char id="117" x="178" y="302" width="40" height="36" xoffset="-3" yoffset="10" xadvance="34" page="0" chnl="15" />
    <char id="118" x="219" y="295" width="40" height="36" xoffset="-3" yoffset="10" xadvance="33" page="0" chnl="15" />
    <char id="119" x="81" y="305" width="55" height="36" xoffset="-3" yoffset="10" xadvance="48" page="0" chnl="15" />
    <char id="120" x="260" y="295" width="40" height="36" xoffset="-4" yoffset="10" xadvance="33" page="0" chnl="15" />
    <char id="121" x="338" y="110" width="39" height="48" xoffset="-3" yoffset="10" xadvance="33" page="0" chnl="15" />
    <char id="122" x="301" y="295" width="38" height="36" xoffset="-4" yoffset="10" xadvance="30" page="0" chnl="15" />
    <char id="123" x="50" y="0" width="34" height="60" xoffset="-2" yoffset="-5" xadvance="30" page="0" chnl="15" />
    <char id="124" x="386" y="0" width="23" height="53" xoffset="-2" yoffset="-3" xadvance="18" page="0" chnl="15" />
    <char id="125" x="85" y="0" width="34" height="60" xoffset="-2" yoffset="-5" xadvance="30" page="0" chnl="15" />
    <char id="126" x="90" y="342" width="42" height="25" xoffset="-8" yoffset="19" xadvance="26" page="0" chnl="15" />
  </chars>
  <kernings count="651">
    <kerning first="84" second="121" amount="-8" />
    <kerning first="39" second="52" amount="-5" />
    <kerning first="39" second="74" amount="-7" />
    <kerning first="39" second="97" amount="-2" />
    <kerning first="39" second="99" amount="-2" />
    <kerning first="39" second="101" amount="-2" />
    <kerning first="39" second="103" amount="-2" />
    <kerning first="39" second="111" amount="-2" />
    <kerning first="39" second="113" amount="-2" />
    <kerning first="40" second="74" amount="-3" />
    <kerning first="40" second="106" amount="8" />
    <kerning first="44" second="49" amount="-5" />
    <kerning first="44" second="52" amount="-5" />
    <kerning first="44" second="55" amount="-4" />
    <kerning first="44" second="57" amount="-2" />
    <kerning first="44" second="84" amount="-10" />
    <kerning first="44" second="89" amount="-10" />
    <kerning first="44" second="106" amount="7" />
    <kerning first="45" second="49" amount="-4" />
    <kerning first="45" second="55" amount="-4" />
    <kerning first="46" second="48" amount="-3" />
    <kerning first="46" second="49" amount="-6" />
    <kerning first="46" second="55" amount="-4" />
    <kerning first="46" second="89" amount="-9" />
    <kerning first="47" second="74" amount="-3" />
    <kerning first="47" second="97" amount="-3" />
    <kerning first="47" second="99" amount="-3" />
    <kerning first="47" second="101" amount="-3" />
    <kerning first="47" second="103" amount="-3" />
    <kerning first="47" second="111" amount="-2" />
    <kerning first="47" second="113" amount="-2" />
    <kerning first="47" second="115" amount="-2" />
    <kerning first="47" second="121" amount="-2" />
    <kerning first="47" second="122" amount="-2" />
    <kerning first="55" second="44" amount="-11" />
    <kerning first="55" second="45" amount="-6" />
    <kerning first="70" second="44" amount="-10" />
    <kerning first="70" second="46" amount="-10" />
    <kerning first="70" second="47" amount="-4" />
    <kerning first="76" second="39" amount="-8" />
    <kerning first="76" second="47" amount="-1" />
    <kerning first="76" second="63" amount="-5" />
    <kerning first="77" second="47" amount="-1" />
    <kerning first="78" second="47" amount="-1" />
    <kerning first="80" second="44" amount="-10" />
    <kerning first="80" second="46" amount="-11" />
    <kerning first="80" second="47" amount="-5" />
    <kerning first="83" second="47" amount="-2" />
    <kerning first="84" second="44" amount="-10" />
    <kerning first="84" second="46" amount="-9" />
    <kerning first="84" second="47" amount="-6" />
    <kerning first="84" second="58" amount="-4" />
    <kerning first="84" second="59" amount="-3" />
    <kerning first="85" second="47" amount="-3" />
    <kerning first="86" second="47" amount="-3" />
    <kerning first="87" second="47" amount="-3" />
    <kerning first="88" second="47" amount="-2" />
    <kerning first="89" second="44" amount="-10" />
    <kerning first="89" second="46" amount="-9" />
    <kerning first="89" second="47" amount="-6" />
    <kerning first="89" second="58" amount="-3" />
    <kerning first="89" second="59" amount="-2" />
    <kerning first="90" second="47" amount="-2" />
    <kerning first="91" second="106" amount="8" />
    <kerning first="102" second="44" amount="-6" />
    <kerning first="102" second="46" amount="-4" />
    <kerning first="111" second="44" amount="-1" />
    <kerning first="111" second="46" amount="-1" />
    <kerning first="112" second="125" amount="-2" />
    <kerning first="114" second="44" amount="-8" />
    <kerning first="114" second="46" amount="-7" />
    <kerning first="123" second="106" amount="8" />
    <kerning first="123" second="113" amount="-2" />
    <kerning first="46" second="52" amount="-5" />
    <kerning first="46" second="54" amount="-3" />
    <kerning first="48" second="49" amount="-2" />
    <kerning first="48" second="50" amount="-1" />
    <kerning first="48" second="51" amount="-1" />
    <kerning first="48" second="55" amount="-2" />
    <kerning first="50" second="49" amount="-1" />
    <kerning first="50" second="52" amount="-2" />
    <kerning first="51" second="49" amount="-1" />
    <kerning first="51" second="55" amount="-1" />
    <kerning first="51" second="56" amount="1" />
    <kerning first="52" second="49" amount="-3" />
    <kerning first="52" second="55" amount="-2" />
    <kerning first="52" second="57" amount="-1" />
    <kerning first="53" second="49" amount="-1" />
    <kerning first="53" second="50" amount="-1" />
    <kerning first="53" second="52" amount="-1" />
    <kerning first="53" second="55" amount="-2" />
    <kerning first="53" second="57" amount="-1" />
    <kerning first="55" second="46" amount="-11" />
    <kerning first="55" second="48" amount="-2" />
    <kerning first="55" second="52" amount="-4" />
    <kerning first="55" second="54" amount="-2" />
    <kerning first="56" second="49" amount="-2" />
    <kerning first="56" second="55" amount="-2" />
    <kerning first="57" second="49" amount="-2" />
    <kerning first="57" second="50" amount="-2" />
    <kerning first="57" second="51" amount="-2" />
    <kerning first="57" second="55" amount="-2" />
    <kerning first="66" second="97" amount="-1" />
    <kerning first="66" second="99" amount="-1" />
    <kerning first="66" second="100" amount="-1" />
    <kerning first="66" second="101" amount="-1" />
    <kerning first="66" second="103" amount="-1" />
    <kerning first="66" second="111" amount="-1" />
    <kerning first="66" second="113" amount="-1" />
    <kerning first="67" second="97" amount="-1" />
    <kerning first="67" second="99" amount="-1" />
    <kerning first="67" second="100" amount="-1" />
    <kerning first="67" second="101" amount="-1" />
    <kerning first="67" second="102" amount="-1" />
    <kerning first="67" second="103" amount="-1" />
    <kerning first="67" second="106" amount="-2" />
    <kerning first="67" second="111" amount="-1" />
    <kerning first="67" second="113" amount="-1" />
    <kerning first="67" second="115" amount="-1" />
    <kerning first="67" second="122" amount="-1" />
    <kerning first="68" second="97" amount="-1" />
    <kerning first="68" second="99" amount="-1" />
    <kerning first="68" second="101" amount="-1" />
    <kerning first="68" second="102" amount="-1" />
    <kerning first="68" second="103" amount="-1" />
    <kerning first="68" second="106" amount="-2" />
    <kerning first="68" second="111" amount="-1" />
    <kerning first="68" second="113" amount="-1" />
    <kerning first="68" second="115" amount="-1" />
    <kerning first="69" second="97" amount="-2" />
    <kerning first="69" second="99" amount="-2" />
    <kerning first="69" second="100" amount="-2" />
    <kerning first="69" second="101" amount="-2" />
    <kerning first="69" second="111" amount="-2" />
    <kerning first="69" second="113" amount="-1" />
    <kerning first="69" second="115" amount="-1" />
    <kerning first="69" second="116" amount="-1" />
    <kerning first="69" second="120" amount="-1" />
    <kerning first="69" second="121" amount="-1" />
    <kerning first="70" second="97" amount="-2" />
    <kerning first="70" second="97" amount="-3" />
    <kerning first="70" second="99" amount="-3" />
    <kerning first="70" second="99" amount="-2" />
    <kerning first="70" second="101" amount="-3" />
    <kerning first="70" second="101" amount="-2" />
    <kerning first="70" second="103" amount="-3" />
    <kerning first="70" second="111" amount="-2" />
    <kerning first="70" second="112" amount="-1" />
    <kerning first="70" second="113" amount="-2" />
    <kerning first="70" second="114" amount="-1" />
    <kerning first="70" second="115" amount="-2" />
    <kerning first="70" second="117" amount="-1" />
    <kerning first="73" second="97" amount="-1" />
    <kerning first="73" second="99" amount="-1" />
    <kerning first="73" second="100" amount="-1" />
    <kerning first="73" second="101" amount="-1" />
    <kerning first="73" second="103" amount="-1" />
    <kerning first="73" second="106" amount="-1" />
    <kerning first="73" second="111" amount="-1" />
    <kerning first="73" second="113" amount="-1" />
    <kerning first="73" second="115" amount="-1" />
    <kerning first="74" second="97" amount="-1" />
    <kerning first="74" second="99" amount="-1" />
    <kerning first="74" second="101" amount="-1" />
    <kerning first="74" second="103" amount="-1" />
    <kerning first="74" second="106" amount="-2" />
    <kerning first="74" second="111" amount="-1" />
    <kerning first="74" second="113" amount="-1" />
    <kerning first="74" second="122" amount="-1" />
    <kerning first="75" second="97" amount="-1" />
    <kerning first="75" second="99" amount="-1" />
    <kerning first="75" second="100" amount="-1" />
    <kerning first="75" second="101" amount="-1" />
    <kerning first="75" second="103" amount="-1" />
    <kerning first="75" second="106" amount="-2" />
    <kerning first="75" second="113" amount="-1" />
    <kerning first="76" second="97" amount="-1" />
    <kerning first="76" second="99" amount="-1" />
    <kerning first="76" second="100" amount="-1" />
    <kerning first="76" second="101" amount="-1" />
    <kerning first="76" second="102" amount="-2" />
    <kerning first="76" second="103" amount="-1" />
    <kerning first="76" second="106" amount="-1" />
    <kerning first="76" second="111" amount="-1" />
    <kerning first="76" second="113" amount="-1" />
    <kerning first="76" second="116" amount="-2" />
    <kerning first="76" second="117" amount="-1" />
    <kerning first="76" second="118" amount="-1" />
    <kerning first="76" second="119" amount="-1" />
    <kerning first="77" second="97" amount="-1" />
    <kerning first="77" second="99" amount="-1" />
    <kerning first="77" second="100" amount="-1" />
    <kerning first="77" second="101" amount="-1" />
    <kerning first="77" second="102" amount="-1" />
    <kerning first="77" second="103" amount="-1" />
    <kerning first="77" second="111" amount="-1" />
    <kerning first="77" second="113" amount="-1" />
    <kerning first="77" second="122" amount="-1" />
    <kerning first="78" second="97" amount="-1" />
    <kerning first="78" second="99" amount="-1" />
    <kerning first="78" second="101" amount="-1" />
    <kerning first="78" second="103" amount="-1" />
    <kerning first="78" second="106" amount="-2" />
    <kerning first="78" second="111" amount="-1" />
    <kerning first="78" second="113" amount="-1" />
    <kerning first="78" second="115" amount="-1" />
    <kerning first="78" second="116" amount="-1" />
    <kerning first="78" second="121" amount="-1" />
    <kerning first="78" second="122" amount="-1" />
    <kerning first="79" second="100" amount="-1" />
    <kerning first="79" second="101" amount="-1" />
    <kerning first="79" second="103" amount="-1" />
    <kerning first="79" second="106" amount="-1" />
    <kerning first="79" second="109" amount="-1" />
    <kerning first="79" second="110" amount="-1" />
    <kerning first="79" second="111" amount="-1" />
    <kerning first="79" second="113" amount="-1" />
    <kerning first="79" second="115" amount="-1" />
    <kerning first="79" second="120" amount="-1" />
    <kerning first="79" second="122" amount="-1" />
    <kerning first="80" second="97" amount="-1" />
    <kerning first="80" second="113" amount="-1" />
    <kerning first="80" second="115" amount="-1" />
    <kerning first="80" second="117" amount="-2" />
    <kerning first="80" second="118" amount="-2" />
    <kerning first="80" second="119" amount="-1" />
    <kerning first="80" second="120" amount="-1" />
    <kerning first="80" second="121" amount="-1" />
    <kerning first="80" second="122" amount="-1" />
    <kerning first="81" second="97" amount="-1" />
    <kerning first="81" second="99" amount="-1" />
    <kerning first="81" second="101" amount="-1" />
    <kerning first="81" second="102" amount="-1" />
    <kerning first="81" second="103" amount="-1" />
    <kerning first="81" second="106" amount="5" />
    <kerning first="81" second="111" amount="-1" />
    <kerning first="81" second="113" amount="-1" />
    <kerning first="81" second="115" amount="-1" />
    <kerning first="81" second="120" amount="-1" />
    <kerning first="81" second="122" amount="-1" />
    <kerning first="82" second="97" amount="-1" />
    <kerning first="82" second="99" amount="-1" />
    <kerning first="82" second="101" amount="-1" />
    <kerning first="82" second="103" amount="-1" />
    <kerning first="82" second="111" amount="-1" />
    <kerning first="83" second="97" amount="-1" />
    <kerning first="83" second="99" amount="-1" />
    <kerning first="83" second="101" amount="-1" />
    <kerning first="83" second="102" amount="-1" />
    <kerning first="83" second="103" amount="-1" />
    <kerning first="83" second="106" amount="-1" />
    <kerning first="83" second="111" amount="-1" />
    <kerning first="83" second="113" amount="-1" />
    <kerning first="83" second="116" amount="-1" />
    <kerning first="84" second="97" amount="-8" />
    <kerning first="84" second="99" amount="-8" />
    <kerning first="84" second="100" amount="-8" />
    <kerning first="84" second="101" amount="-8" />
    <kerning first="84" second="102" amount="-5" />
    <kerning first="84" second="103" amount="-8" />
    <kerning first="84" second="109" amount="-8" />
    <kerning first="84" second="110" amount="-8" />
    <kerning first="84" second="111" amount="-8" />
    <kerning first="84" second="112" amount="-8" />
    <kerning first="84" second="113" amount="-8" />
    <kerning first="84" second="116" amount="-1" />
    <kerning first="84" second="122" amount="-8" />
    <kerning first="85" second="97" amount="-1" />
    <kerning first="85" second="99" amount="-1" />
    <kerning first="85" second="100" amount="-1" />
    <kerning first="85" second="101" amount="-1" />
    <kerning first="85" second="103" amount="-1" />
    <kerning first="85" second="106" amount="-2" />
    <kerning first="85" second="111" amount="-1" />
    <kerning first="85" second="113" amount="-1" />
    <kerning first="86" second="97" amount="-1" />
    <kerning first="86" second="99" amount="-1" />
    <kerning first="86" second="101" amount="-1" />
    <kerning first="86" second="103" amount="-1" />
    <kerning first="86" second="106" amount="-2" />
    <kerning first="86" second="113" amount="-1" />
    <kerning first="86" second="122" amount="-1" />
    <kerning first="87" second="97" amount="-1" />
    <kerning first="87" second="99" amount="-1" />
    <kerning first="87" second="100" amount="-1" />
    <kerning first="87" second="101" amount="-1" />
    <kerning first="87" second="103" amount="-1" />
    <kerning first="87" second="106" amount="-2" />
    <kerning first="87" second="111" amount="-1" />
    <kerning first="87" second="113" amount="-1" />
    <kerning first="87" second="115" amount="-1" />
    <kerning first="88" second="97" amount="-1" />
    <kerning first="88" second="99" amount="-1" />
    <kerning first="88" second="100" amount="-1" />
    <kerning first="88" second="103" amount="-1" />
    <kerning first="88" second="106" amount="-1" />
    <kerning first="88" second="111" amount="-1" />
    <kerning first="88" second="113" amount="-1" />
    <kerning first="88" second="115" amount="-1" />
    <kerning first="89" second="97" amount="-7" />
    <kerning first="89" second="99" amount="-7" />
    <kerning first="89" second="100" amount="-7" />
    <kerning first="89" second="101" amount="-7" />
    <kerning first="89" second="102" amount="-4" />
    <kerning first="89" second="103" amount="-7" />
    <kerning first="89" second="106" amount="-1" />
    <kerning first="89" second="109" amount="-7" />
    <kerning first="89" second="110" amount="-7" />
    <kerning first="89" second="111" amount="-7" />
    <kerning first="89" second="112" amount="-7" />
    <kerning first="89" second="113" amount="-7" />
    <kerning first="89" second="115" amount="-6" />
    <kerning first="89" second="119" amount="-6" />
    <kerning first="89" second="120" amount="-6" />
    <kerning first="89" second="122" amount="-6" />
    <kerning first="90" second="97" amount="-2" />
    <kerning first="90" second="99" amount="-2" />
    <kerning first="90" second="100" amount="-2" />
    <kerning first="90" second="101" amount="-2" />
    <kerning first="90" second="103" amount="-1" />
    <kerning first="90" second="106" amount="-1" />
    <kerning first="90" second="111" amount="-2" />
    <kerning first="90" second="113" amount="-2" />
    <kerning first="90" second="115" amount="-2" />
    <kerning first="90" second="116" amount="-2" />
    <kerning first="90" second="117" amount="-1" />
    <kerning first="90" second="118" amount="-1" />
    <kerning first="90" second="119" amount="-1" />
    <kerning first="90" second="120" amount="-1" />
    <kerning first="90" second="121" amount="-1" />
    <kerning first="90" second="122" amount="-1" />
    <kerning first="101" second="102" amount="-1" />
    <kerning first="102" second="97" amount="-2" />
    <kerning first="121" second="112" amount="1" />
    <kerning first="66" second="106" amount="-2" />
    <kerning first="66" second="116" amount="-2" />
    <kerning first="66" second="120" amount="-2" />
    <kerning first="66" second="122" amount="-1" />
    <kerning first="67" second="116" amount="-1" />
    <kerning first="67" second="117" amount="-1" />
    <kerning first="67" second="118" amount="-1" />
    <kerning first="67" second="119" amount="-1" />
    <kerning first="67" second="120" amount="-2" />
    <kerning first="67" second="121" amount="-1" />
    <kerning first="69" second="102" amount="-2" />
    <kerning first="69" second="103" amount="-2" />
    <kerning first="69" second="106" amount="-1" />
    <kerning first="70" second="103" amount="-3" />
    <kerning first="70" second="109" amount="-1" />
    <kerning first="70" second="110" amount="-1" />
    <kerning first="70" second="117" amount="-2" />
    <kerning first="70" second="118" amount="-1" />
    <kerning first="70" second="119" amount="-1" />
    <kerning first="70" second="120" amount="-2" />
    <kerning first="70" second="121" amount="-1" />
    <kerning first="70" second="122" amount="-1" />
    <kerning first="77" second="106" amount="-2" />
    <kerning first="79" second="97" amount="-2" />
    <kerning first="79" second="99" amount="-1" />
    <kerning first="80" second="99" amount="-2" />
    <kerning first="80" second="100" amount="-1" />
    <kerning first="80" second="101" amount="-2" />
    <kerning first="80" second="103" amount="-2" />
    <kerning first="80" second="106" amount="-2" />
    <kerning first="80" second="111" amount="-1" />
    <kerning first="81" second="100" amount="-2" />
    <kerning first="82" second="106" amount="-2" />
    <kerning first="84" second="114" amount="-8" />
    <kerning first="84" second="115" amount="-8" />
    <kerning first="84" second="117" amount="-8" />
    <kerning first="84" second="118" amount="-8" />
    <kerning first="84" second="119" amount="-8" />
    <kerning first="84" second="120" amount="-8" />
    <kerning first="86" second="111" amount="-1" />
    <kerning first="89" second="114" amount="-6" />
    <kerning first="89" second="117" amount="-6" />
    <kerning first="89" second="118" amount="-6" />
    <kerning first="89" second="121" amount="-6" />
    <kerning first="98" second="120" amount="-1" />
    <kerning first="98" second="122" amount="-1" />
    <kerning first="99" second="116" amount="-1" />
    <kerning first="99" second="120" amount="-1" />
    <kerning first="99" second="122" amount="-1" />
    <kerning first="102" second="99" amount="-2" />
    <kerning first="102" second="100" amount="-1" />
    <kerning first="102" second="101" amount="-2" />
    <kerning first="102" second="109" amount="-1" />
    <kerning first="102" second="110" amount="-1" />
    <kerning first="102" second="111" amount="-2" />
    <kerning first="102" second="113" amount="-2" />
    <kerning first="102" second="114" amount="-1" />
    <kerning first="102" second="115" amount="-1" />
    <kerning first="103" second="106" amount="6" />
    <kerning first="104" second="116" amount="-1" />
    <kerning first="106" second="106" amount="7" />
    <kerning first="107" second="99" amount="-1" />
    <kerning first="107" second="101" amount="-1" />
    <kerning first="107" second="111" amount="-1" />
    <kerning first="108" second="98" amount="1" />
    <kerning first="108" second="104" amount="1" />
    <kerning first="108" second="107" amount="1" />
    <kerning first="108" second="108" amount="1" />
    <kerning first="109" second="116" amount="-1" />
    <kerning first="110" second="97" amount="-1" />
    <kerning first="110" second="99" amount="-1" />
    <kerning first="110" second="101" amount="-1" />
    <kerning first="110" second="102" amount="-1" />
    <kerning first="110" second="103" amount="-1" />
    <kerning first="110" second="106" amount="-1" />
    <kerning first="110" second="120" amount="-1" />
    <kerning first="110" second="122" amount="-1" />
    <kerning first="111" second="116" amount="-1" />
    <kerning first="112" second="102" amount="-1" />
    <kerning first="112" second="116" amount="-1" />
    <kerning first="112" second="120" amount="-1" />
    <kerning first="112" second="122" amount="-1" />
    <kerning first="113" second="102" amount="-1" />
    <kerning first="113" second="106" amount="7" />
    <kerning first="113" second="112" amount="1" />
    <kerning first="113" second="116" amount="-1" />
    <kerning first="114" second="97" amount="-1" />
    <kerning first="114" second="98" amount="1" />
    <kerning first="114" second="99" amount="-1" />
    <kerning first="114" second="100" amount="-1" />
    <kerning first="114" second="101" amount="-1" />
    <kerning first="114" second="103" amount="-1" />
    <kerning first="114" second="104" amount="1" />
    <kerning first="114" second="106" amount="-1" />
    <kerning first="114" second="107" amount="1" />
    <kerning first="114" second="108" amount="1" />
    <kerning first="114" second="111" amount="-1" />
    <kerning first="114" second="116" amount="1" />
    <kerning first="114" second="122" amount="-1" />
    <kerning first="115" second="99" amount="-1" />
    <kerning first="115" second="101" amount="-1" />
    <kerning first="115" second="106" amount="-1" />
    <kerning first="115" second="111" amount="-1" />
    <kerning first="115" second="116" amount="-1" />
    <kerning first="115" second="120" amount="-1" />
    <kerning first="115" second="122" amount="-1" />
    <kerning first="116" second="97" amount="-1" />
    <kerning first="116" second="99" amount="-1" />
    <kerning first="116" second="100" amount="-1" />
    <kerning first="116" second="101" amount="-1" />
    <kerning first="116" second="102" amount="-1" />
    <kerning first="116" second="103" amount="-1" />
    <kerning first="116" second="106" amount="-1" />
    <kerning first="116" second="111" amount="-1" />
    <kerning first="117" second="106" amount="-1" />
    <kerning first="117" second="116" amount="-1" />
    <kerning first="118" second="106" amount="-1" />
    <kerning first="118" second="108" amount="1" />
    <kerning first="118" second="116" amount="-1" />
    <kerning first="118" second="120" amount="-1" />
    <kerning first="118" second="122" amount="-1" />
    <kerning first="119" second="106" amount="-1" />
    <kerning first="119" second="120" amount="-1" />
    <kerning first="119" second="122" amount="-1" />
    <kerning first="120" second="99" amount="-1" />
    <kerning first="120" second="101" amount="-1" />
    <kerning first="120" second="113" amount="-1" />
    <kerning first="120" second="116" amount="-1" />
    <kerning first="121" second="106" amount="5" />
    <kerning first="122" second="99" amount="-1" />
    <kerning first="122" second="101" amount="-1" />
    <kerning first="122" second="111" amount="-1" />
    <kerning first="45" second="84" amount="-8" />
    <kerning first="45" second="89" amount="-5" />
    <kerning first="65" second="84" amount="-4" />
    <kerning first="65" second="88" amount="-1" />
    <kerning first="65" second="89" amount="-3" />
    <kerning first="65" second="90" amount="-1" />
    <kerning first="66" second="67" amount="-1" />
    <kerning first="66" second="71" amount="-2" />
    <kerning first="66" second="73" amount="-1" />
    <kerning first="66" second="74" amount="-2" />
    <kerning first="66" second="75" amount="-2" />
    <kerning first="66" second="79" amount="-1" />
    <kerning first="66" second="81" amount="-1" />
    <kerning first="66" second="84" amount="-4" />
    <kerning first="66" second="88" amount="-2" />
    <kerning first="66" second="89" amount="-2" />
    <kerning first="67" second="71" amount="-1" />
    <kerning first="67" second="74" amount="-1" />
    <kerning first="67" second="81" amount="-2" />
    <kerning first="67" second="83" amount="-2" />
    <kerning first="67" second="84" amount="-4" />
    <kerning first="67" second="88" amount="-2" />
    <kerning first="67" second="89" amount="-3" />
    <kerning first="67" second="90" amount="-3" />
    <kerning first="68" second="74" amount="-2" />
    <kerning first="68" second="79" amount="-2" />
    <kerning first="68" second="81" amount="-1" />
    <kerning first="68" second="83" amount="-1" />
    <kerning first="68" second="84" amount="-4" />
    <kerning first="68" second="88" amount="-2" />
    <kerning first="68" second="89" amount="-2" />
    <kerning first="68" second="90" amount="-4" />
    <kerning first="69" second="67" amount="-2" />
    <kerning first="69" second="71" amount="-2" />
    <kerning first="69" second="73" amount="-2" />
    <kerning first="69" second="74" amount="-2" />
    <kerning first="69" second="79" amount="-1" />
    <kerning first="69" second="81" amount="-2" />
    <kerning first="69" second="83" amount="-1" />
    <kerning first="70" second="67" amount="-1" />
    <kerning first="70" second="71" amount="-1" />
    <kerning first="70" second="74" amount="-5" />
    <kerning first="70" second="79" amount="-1" />
    <kerning first="70" second="81" amount="-1" />
    <kerning first="70" second="83" amount="-2" />
    <kerning first="70" second="88" amount="-1" />
    <kerning first="71" second="67" amount="-1" />
    <kerning first="71" second="71" amount="-1" />
    <kerning first="71" second="74" amount="-1" />
    <kerning first="71" second="79" amount="-1" />
    <kerning first="71" second="81" amount="-1" />
    <kerning first="71" second="83" amount="-1" />
    <kerning first="71" second="84" amount="-3" />
    <kerning first="71" second="88" amount="-2" />
    <kerning first="71" second="89" amount="-2" />
    <kerning first="71" second="90" amount="-1" />
    <kerning first="72" second="74" amount="-1" />
    <kerning first="72" second="84" amount="-2" />
    <kerning first="73" second="71" amount="-1" />
    <kerning first="73" second="74" amount="-2" />
    <kerning first="73" second="81" amount="-1" />
    <kerning first="73" second="84" amount="-3" />
    <kerning first="73" second="88" amount="-1" />
    <kerning first="74" second="67" amount="-1" />
    <kerning first="74" second="71" amount="-1" />
    <kerning first="74" second="74" amount="-1" />
    <kerning first="74" second="79" amount="-1" />
    <kerning first="74" second="81" amount="-1" />
    <kerning first="74" second="83" amount="-1" />
    <kerning first="74" second="88" amount="-1" />
    <kerning first="74" second="89" amount="-2" />
    <kerning first="75" second="67" amount="-1" />
    <kerning first="75" second="71" amount="-1" />
    <kerning first="75" second="74" amount="-2" />
    <kerning first="75" second="79" amount="-1" />
    <kerning first="75" second="81" amount="-1" />
    <kerning first="75" second="83" amount="-1" />
    <kerning first="75" second="84" amount="-1" />
    <kerning first="75" second="88" amount="-2" />
    <kerning first="75" second="89" amount="-1" />
    <kerning first="75" second="90" amount="-1" />
    <kerning first="76" second="34" amount="-8" />
    <kerning first="76" second="67" amount="-4" />
    <kerning first="76" second="71" amount="-4" />
    <kerning first="76" second="79" amount="-4" />
    <kerning first="76" second="81" amount="-4" />
    <kerning first="76" second="83" amount="-3" />
    <kerning first="76" second="84" amount="-11" />
    <kerning first="76" second="89" amount="-9" />
    <kerning first="77" second="84" amount="-2" />
    <kerning first="77" second="88" amount="-1" />
    <kerning first="77" second="89" amount="-1" />
    <kerning first="78" second="67" amount="-1" />
    <kerning first="78" second="71" amount="-1" />
    <kerning first="78" second="74" amount="-1" />
    <kerning first="78" second="79" amount="-1" />
    <kerning first="78" second="81" amount="-1" />
    <kerning first="78" second="83" amount="-1" />
    <kerning first="78" second="84" amount="-2" />
    <kerning first="78" second="89" amount="-1" />
    <kerning first="79" second="66" amount="-1" />
    <kerning first="79" second="69" amount="-1" />
    <kerning first="79" second="74" amount="-2" />
    <kerning first="79" second="83" amount="-1" />
    <kerning first="79" second="84" amount="-4" />
    <kerning first="79" second="88" amount="-2" />
    <kerning first="79" second="89" amount="-3" />
    <kerning first="79" second="90" amount="-4" />
    <kerning first="80" second="67" amount="-1" />
    <kerning first="80" second="71" amount="-1" />
    <kerning first="80" second="74" amount="-3" />
    <kerning first="80" second="79" amount="-1" />
    <kerning first="80" second="81" amount="-1" />
    <kerning first="80" second="83" amount="-1" />
    <kerning first="80" second="84" amount="-2" />
    <kerning first="80" second="88" amount="-1" />
    <kerning first="80" second="89" amount="-2" />
    <kerning first="80" second="90" amount="-3" />
    <kerning first="81" second="74" amount="-2" />
    <kerning first="81" second="83" amount="-2" />
    <kerning first="81" second="84" amount="-4" />
    <kerning first="81" second="88" amount="-3" />
    <kerning first="81" second="89" amount="-3" />
    <kerning first="81" second="90" amount="-2" />
    <kerning first="82" second="67" amount="-1" />
    <kerning first="82" second="71" amount="-1" />
    <kerning first="82" second="74" amount="-2" />
    <kerning first="82" second="79" amount="-1" />
    <kerning first="82" second="81" amount="-1" />
    <kerning first="82" second="84" amount="-2" />
    <kerning first="82" second="88" amount="-2" />
    <kerning first="82" second="89" amount="-2" />
    <kerning first="82" second="90" amount="-1" />
    <kerning first="83" second="67" amount="-1" />
    <kerning first="83" second="71" amount="-1" />
    <kerning first="83" second="74" amount="-2" />
    <kerning first="83" second="79" amount="-1" />
    <kerning first="83" second="81" amount="-1" />
    <kerning first="83" second="84" amount="-3" />
    <kerning first="83" second="88" amount="-2" />
    <kerning first="83" second="89" amount="-3" />
    <kerning first="83" second="90" amount="-1" />
    <kerning first="84" second="45" amount="-8" />
    <kerning first="84" second="65" amount="-3" />
    <kerning first="84" second="66" amount="-1" />
    <kerning first="84" second="67" amount="-4" />
    <kerning first="84" second="71" amount="-4" />
    <kerning first="84" second="74" amount="-9" />
    <kerning first="84" second="79" amount="-3" />
    <kerning first="84" second="81" amount="-4" />
    <kerning first="84" second="83" amount="-2" />
    <kerning first="84" second="85" amount="-1" />
    <kerning first="84" second="86" amount="-1" />
    <kerning first="84" second="87" amount="-1" />
    <kerning first="84" second="88" amount="-1" />
    <kerning first="85" second="74" amount="-2" />
    <kerning first="85" second="84" amount="-1" />
    <kerning first="86" second="74" amount="-2" />
    <kerning first="86" second="84" amount="-1" />
    <kerning first="87" second="74" amount="-2" />
    <kerning first="87" second="84" amount="-1" />
    <kerning first="87" second="88" amount="-1" />
    <kerning first="87" second="89" amount="-1" />
    <kerning first="88" second="67" amount="-2" />
    <kerning first="88" second="71" amount="-2" />
    <kerning first="88" second="79" amount="-2" />
    <kerning first="88" second="81" amount="-2" />
    <kerning first="88" second="84" amount="-1" />
    <kerning first="89" second="45" amount="-7" />
    <kerning first="89" second="65" amount="-3" />
    <kerning first="89" second="67" amount="-2" />
    <kerning first="89" second="71" amount="-2" />
    <kerning first="89" second="74" amount="-7" />
    <kerning first="89" second="79" amount="-2" />
    <kerning first="89" second="81" amount="-4" />
    <kerning first="89" second="83" amount="-2" />
    <kerning first="90" second="65" amount="-1" />
    <kerning first="90" second="67" amount="-4" />
    <kerning first="90" second="68" amount="-1" />
    <kerning first="90" second="71" amount="-4" />
    <kerning first="90" second="74" amount="-3" />
    <kerning first="90" second="79" amount="-4" />
    <kerning first="90" second="81" amount="-4" />
    <kerning first="90" second="84" amount="-2" />
    <kerning first="102" second="103" amount="-2" />
  </kernings>
</font>
