<?xml version="1.0"?>
<font>
  <info face="Roboto Black" size="72" bold="0" italic="0" charset="" unicode="1" stretchH="100" smooth="1" aa="1" padding="15,15,15,15" spacing="1,1" outline="0"/>
  <common lineHeight="72" base="57" scaleW="1024" scaleH="512" pages="1" packed="0" alphaChnl="0" redChnl="4" greenChnl="4" blueChnl="4"/>
  <pages>
    <page id="0" file="roboto_72_0.png" />
  </pages>
  <chars count="97">
    <char id="0" x="991" y="151" width="31" height="31" xoffset="-15" yoffset="-15" xadvance="0" page="0" chnl="15" />
    <char id="13" x="682" y="364" width="33" height="31" xoffset="-16" yoffset="56" xadvance="15" page="0" chnl="15" />
    <char id="32" x="648" y="368" width="33" height="31" xoffset="-16" yoffset="56" xadvance="15" page="0" chnl="15" />
    <char id="33" x="293" y="164" width="43" height="74" xoffset="-13" yoffset="-1" xadvance="17" page="0" chnl="15" />
    <char id="34" x="293" y="379" width="49" height="47" xoffset="-15" yoffset="-3" xadvance="19" page="0" chnl="15" />
    <char id="35" x="399" y="238" width="64" height="73" xoffset="-15" yoffset="-1" xadvance="35" page="0" chnl="15" />
    <char id="36" x="339" y="0" width="61" height="87" xoffset="-13" yoffset="-8" xadvance="35" page="0" chnl="15" />
    <char id="37" x="147" y="91" width="71" height="74" xoffset="-13" yoffset="-1" xadvance="45" page="0" chnl="15" />
    <char id="38" x="289" y="89" width="69" height="74" xoffset="-14" yoffset="-1" xadvance="40" page="0" chnl="15" />
    <char id="39" x="343" y="377" width="39" height="47" xoffset="-15" yoffset="-3" xadvance="9" page="0" chnl="15" />
    <char id="40" x="0" y="0" width="48" height="90" xoffset="-12" yoffset="-5" xadvance="21" page="0" chnl="15" />
    <char id="41" x="49" y="0" width="48" height="90" xoffset="-14" yoffset="-5" xadvance="21" page="0" chnl="15" />
    <char id="42" x="117" y="380" width="58" height="56" xoffset="-15" yoffset="-1" xadvance="28" page="0" chnl="15" />
    <char id="43" x="742" y="301" width="60" height="62" xoffset="-14" yoffset="6" xadvance="32" page="0" chnl="15" />
    <char id="44" x="976" y="300" width="42" height="49" xoffset="-14" yoffset="34" xadvance="16" page="0" chnl="15" />
    <char id="45" x="539" y="375" width="49" height="38" xoffset="-11" yoffset="20" xadvance="27" page="0" chnl="15" />
    <char id="46" x="448" y="376" width="42" height="40" xoffset="-12" yoffset="32" xadvance="18" page="0" chnl="15" />
    <char id="47" x="651" y="0" width="52" height="77" xoffset="-16" yoffset="-1" xadvance="21" page="0" chnl="15" />
    <char id="48" x="878" y="77" width="61" height="74" xoffset="-13" yoffset="-1" xadvance="35" page="0" chnl="15" />
    <char id="49" x="899" y="226" width="51" height="73" xoffset="-11" yoffset="-1" xadvance="35" page="0" chnl="15" />
    <char id="50" x="528" y="231" width="62" height="73" xoffset="-14" yoffset="-1" xadvance="35" page="0" chnl="15" />
    <char id="51" x="690" y="78" width="62" height="74" xoffset="-14" yoffset="-1" xadvance="35" page="0" chnl="15" />
    <char id="52" x="464" y="237" width="63" height="73" xoffset="-14" yoffset="-1" xadvance="35" page="0" chnl="15" />
    <char id="53" x="0" y="167" width="61" height="74" xoffset="-13" yoffset="-1" xadvance="35" page="0" chnl="15" />
    <char id="54" x="753" y="77" width="62" height="74" xoffset="-13" yoffset="-1" xadvance="35" page="0" chnl="15" />
    <char id="55" x="591" y="231" width="62" height="73" xoffset="-14" yoffset="-1" xadvance="35" page="0" chnl="15" />
    <char id="56" x="62" y="167" width="61" height="74" xoffset="-13" yoffset="-1" xadvance="35" page="0" chnl="15" />
    <char id="57" x="816" y="77" width="61" height="74" xoffset="-13" yoffset="-1" xadvance="35" page="0" chnl="15" />
    <char id="58" x="420" y="312" width="42" height="63" xoffset="-12" yoffset="9" xadvance="18" page="0" chnl="15" />
    <char id="59" x="248" y="164" width="44" height="74" xoffset="-14" yoffset="9" xadvance="17" page="0" chnl="15" />
    <char id="60" x="59" y="380" width="57" height="59" xoffset="-14" yoffset="10" xadvance="31" page="0" chnl="15" />
    <char id="61" x="176" y="380" width="59" height="51" xoffset="-12" yoffset="13" xadvance="35" page="0" chnl="15" />
    <char id="62" x="0" y="388" width="58" height="59" xoffset="-13" yoffset="10" xadvance="31" page="0" chnl="15" />
    <char id="63" x="839" y="226" width="59" height="73" xoffset="-15" yoffset="-1" xadvance="31" page="0" chnl="15" />
    <char id="64" x="401" y="0" width="81" height="84" xoffset="-14" yoffset="1" xadvance="54" page="0" chnl="15" />
    <char id="65" x="499" y="157" width="73" height="73" xoffset="-16" yoffset="-1" xadvance="41" page="0" chnl="15" />
    <char id="66" x="334" y="239" width="64" height="73" xoffset="-12" yoffset="-1" xadvance="39" page="0" chnl="15" />
    <char id="67" x="359" y="88" width="67" height="74" xoffset="-14" yoffset="-1" xadvance="39" page="0" chnl="15" />
    <char id="68" x="202" y="241" width="65" height="73" xoffset="-13" yoffset="-1" xadvance="39" page="0" chnl="15" />
    <char id="69" x="654" y="227" width="61" height="73" xoffset="-13" yoffset="-1" xadvance="34" page="0" chnl="15" />
    <char id="70" x="716" y="227" width="61" height="73" xoffset="-13" yoffset="-1" xadvance="33" page="0" chnl="15" />
    <char id="71" x="427" y="85" width="67" height="74" xoffset="-13" yoffset="-1" xadvance="41" page="0" chnl="15" />
    <char id="72" x="854" y="152" width="68" height="73" xoffset="-13" yoffset="-1" xadvance="42" page="0" chnl="15" />
    <char id="73" x="951" y="226" width="42" height="73" xoffset="-12" yoffset="-1" xadvance="18" page="0" chnl="15" />
    <char id="74" x="940" y="76" width="61" height="74" xoffset="-15" yoffset="-1" xadvance="34" page="0" chnl="15" />
    <char id="75" x="923" y="152" width="67" height="73" xoffset="-13" yoffset="-1" xadvance="38" page="0" chnl="15" />
    <char id="76" x="778" y="227" width="60" height="73" xoffset="-13" yoffset="-1" xadvance="33" page="0" chnl="15" />
    <char id="77" x="420" y="163" width="78" height="73" xoffset="-13" yoffset="-1" xadvance="53" page="0" chnl="15" />
    <char id="78" x="785" y="152" width="68" height="73" xoffset="-13" yoffset="-1" xadvance="42" page="0" chnl="15" />
    <char id="79" x="219" y="89" width="69" height="74" xoffset="-14" yoffset="-1" xadvance="41" page="0" chnl="15" />
    <char id="80" x="68" y="242" width="66" height="73" xoffset="-13" yoffset="-1" xadvance="39" page="0" chnl="15" />
    <char id="81" x="483" y="0" width="69" height="81" xoffset="-14" yoffset="-1" xadvance="41" page="0" chnl="15" />
    <char id="82" x="135" y="242" width="66" height="73" xoffset="-13" yoffset="-1" xadvance="39" page="0" chnl="15" />
    <char id="83" x="561" y="82" width="65" height="74" xoffset="-14" yoffset="-1" xadvance="38" page="0" chnl="15" />
    <char id="84" x="0" y="242" width="67" height="73" xoffset="-15" yoffset="-1" xadvance="38" page="0" chnl="15" />
    <char id="85" x="495" y="82" width="65" height="74" xoffset="-13" yoffset="-1" xadvance="40" page="0" chnl="15" />
    <char id="86" x="573" y="157" width="71" height="73" xoffset="-16" yoffset="-1" xadvance="40" page="0" chnl="15" />
    <char id="87" x="337" y="164" width="82" height="73" xoffset="-15" yoffset="-1" xadvance="52" page="0" chnl="15" />
    <char id="88" x="715" y="153" width="69" height="73" xoffset="-15" yoffset="-1" xadvance="38" page="0" chnl="15" />
    <char id="89" x="645" y="153" width="69" height="73" xoffset="-16" yoffset="-1" xadvance="38" page="0" chnl="15" />
    <char id="90" x="268" y="239" width="65" height="73" xoffset="-14" yoffset="-1" xadvance="37" page="0" chnl="15" />
    <char id="91" x="144" y="0" width="45" height="90" xoffset="-13" yoffset="-8" xadvance="17" page="0" chnl="15" />
    <char id="92" x="591" y="0" width="59" height="77" xoffset="-16" yoffset="-1" xadvance="26" page="0" chnl="15" />
    <char id="93" x="98" y="0" width="45" height="90" xoffset="-15" yoffset="-8" xadvance="17" page="0" chnl="15" />
    <char id="94" x="236" y="380" width="56" height="51" xoffset="-14" yoffset="-1" xadvance="27" page="0" chnl="15" />
    <char id="95" x="589" y="368" width="58" height="37" xoffset="-16" yoffset="42" xadvance="26" page="0" chnl="15" />
    <char id="96" x="491" y="375" width="47" height="39" xoffset="-14" yoffset="-3" xadvance="20" page="0" chnl="15" />
    <char id="97" x="299" y="313" width="60" height="63" xoffset="-14" yoffset="10" xadvance="32" page="0" chnl="15" />
    <char id="98" x="766" y="0" width="61" height="76" xoffset="-13" yoffset="-3" xadvance="34" page="0" chnl="15" />
    <char id="99" x="360" y="313" width="59" height="63" xoffset="-14" yoffset="10" xadvance="31" page="0" chnl="15" />
    <char id="100" x="704" y="0" width="61" height="76" xoffset="-14" yoffset="-3" xadvance="34" page="0" chnl="15" />
    <char id="101" x="115" y="316" width="61" height="63" xoffset="-14" yoffset="10" xadvance="33" page="0" chnl="15" />
    <char id="102" x="828" y="0" width="53" height="76" xoffset="-15" yoffset="-4" xadvance="22" page="0" chnl="15" />
    <char id="103" x="627" y="78" width="62" height="74" xoffset="-14" yoffset="10" xadvance="35" page="0" chnl="15" />
    <char id="104" x="0" y="91" width="60" height="75" xoffset="-13" yoffset="-3" xadvance="34" page="0" chnl="15" />
    <char id="105" x="61" y="91" width="43" height="75" xoffset="-13" yoffset="-3" xadvance="17" page="0" chnl="15" />
    <char id="106" x="290" y="0" width="48" height="88" xoffset="-19" yoffset="-3" xadvance="16" page="0" chnl="15" />
    <char id="107" x="946" y="0" width="62" height="75" xoffset="-13" yoffset="-3" xadvance="33" page="0" chnl="15" />
    <char id="108" x="105" y="91" width="41" height="75" xoffset="-12" yoffset="-3" xadvance="17" page="0" chnl="15" />
    <char id="109" x="463" y="312" width="78" height="62" xoffset="-13" yoffset="10" xadvance="52" page="0" chnl="15" />
    <char id="110" x="803" y="301" width="60" height="62" xoffset="-13" yoffset="10" xadvance="34" page="0" chnl="15" />
    <char id="111" x="52" y="316" width="62" height="63" xoffset="-14" yoffset="10" xadvance="34" page="0" chnl="15" />
    <char id="112" x="124" y="167" width="61" height="74" xoffset="-13" yoffset="10" xadvance="34" page="0" chnl="15" />
    <char id="113" x="186" y="166" width="61" height="74" xoffset="-14" yoffset="10" xadvance="34" page="0" chnl="15" />
    <char id="114" x="924" y="300" width="51" height="62" xoffset="-13" yoffset="10" xadvance="23" page="0" chnl="15" />
    <char id="115" x="177" y="316" width="60" height="63" xoffset="-15" yoffset="10" xadvance="31" page="0" chnl="15" />
    <char id="116" x="0" y="316" width="51" height="71" xoffset="-15" yoffset="2" xadvance="21" page="0" chnl="15" />
    <char id="117" x="238" y="315" width="60" height="63" xoffset="-13" yoffset="10" xadvance="34" page="0" chnl="15" />
    <char id="118" x="617" y="305" width="62" height="62" xoffset="-16" yoffset="10" xadvance="31" page="0" chnl="15" />
    <char id="119" x="542" y="305" width="74" height="62" xoffset="-15" yoffset="10" xadvance="44" page="0" chnl="15" />
    <char id="120" x="680" y="301" width="61" height="62" xoffset="-15" yoffset="10" xadvance="31" page="0" chnl="15" />
    <char id="121" x="882" y="0" width="63" height="75" xoffset="-16" yoffset="10" xadvance="31" page="0" chnl="15" />
    <char id="122" x="864" y="300" width="59" height="62" xoffset="-14" yoffset="10" xadvance="31" page="0" chnl="15" />
    <char id="123" x="240" y="0" width="49" height="88" xoffset="-15" yoffset="-5" xadvance="19" page="0" chnl="15" />
    <char id="124" x="553" y="0" width="37" height="81" xoffset="-11" yoffset="-1" xadvance="15" page="0" chnl="15" />
    <char id="125" x="190" y="0" width="49" height="88" xoffset="-15" yoffset="-5" xadvance="19" page="0" chnl="15" />
    <char id="126" x="383" y="377" width="64" height="44" xoffset="-13" yoffset="17" xadvance="38" page="0" chnl="15" />
  </chars>
  <kernings count="335">
    <kerning first="32" second="84" amount="-2" />
    <kerning first="40" second="86" amount="1" />
    <kerning first="40" second="87" amount="1" />
    <kerning first="40" second="89" amount="1" />
    <kerning first="47" second="47" amount="-7" />
    <kerning first="65" second="63" amount="-2" />
    <kerning first="65" second="119" amount="-1" />
    <kerning first="67" second="41" amount="-1" />
    <kerning first="69" second="102" amount="-1" />
    <kerning first="69" second="119" amount="-1" />
    <kerning first="70" second="44" amount="-8" />
    <kerning first="70" second="46" amount="-8" />
    <kerning first="70" second="65" amount="-6" />
    <kerning first="70" second="74" amount="-6" />
    <kerning first="70" second="84" amount="1" />
    <kerning first="70" second="97" amount="-1" />
    <kerning first="70" second="99" amount="-1" />
    <kerning first="70" second="100" amount="-1" />
    <kerning first="70" second="101" amount="-1" />
    <kerning first="70" second="103" amount="-1" />
    <kerning first="70" second="111" amount="-1" />
    <kerning first="70" second="113" amount="-1" />
    <kerning first="70" second="114" amount="-1" />
    <kerning first="70" second="117" amount="-1" />
    <kerning first="70" second="118" amount="-1" />
    <kerning first="70" second="121" amount="-1" />
    <kerning first="75" second="119" amount="-2" />
    <kerning first="76" second="119" amount="-2" />
    <kerning first="81" second="84" amount="-1" />
    <kerning first="81" second="86" amount="-1" />
    <kerning first="81" second="87" amount="-1" />
    <kerning first="81" second="89" amount="-1" />
    <kerning first="82" second="84" amount="-1" />
    <kerning first="82" second="86" amount="-1" />
    <kerning first="82" second="89" amount="-1" />
    <kerning first="84" second="32" amount="-2" />
    <kerning first="84" second="114" amount="-2" />
    <kerning first="84" second="119" amount="-1" />
    <kerning first="86" second="41" amount="1" />
    <kerning first="86" second="114" amount="-1" />
    <kerning first="86" second="125" amount="1" />
    <kerning first="87" second="114" amount="-1" />
    <kerning first="89" second="38" amount="-1" />
    <kerning first="89" second="41" amount="1" />
    <kerning first="89" second="42" amount="-1" />
    <kerning first="89" second="93" amount="1" />
    <kerning first="89" second="102" amount="-1" />
    <kerning first="89" second="114" amount="-1" />
    <kerning first="89" second="116" amount="-1" />
    <kerning first="89" second="125" amount="1" />
    <kerning first="90" second="119" amount="-1" />
    <kerning first="91" second="74" amount="-1" />
    <kerning first="91" second="85" amount="-1" />
    <kerning first="102" second="41" amount="1" />
    <kerning first="102" second="93" amount="1" />
    <kerning first="102" second="99" amount="-1" />
    <kerning first="102" second="100" amount="-1" />
    <kerning first="102" second="101" amount="-1" />
    <kerning first="102" second="103" amount="-1" />
    <kerning first="102" second="113" amount="-1" />
    <kerning first="102" second="125" amount="1" />
    <kerning first="107" second="99" amount="-1" />
    <kerning first="107" second="100" amount="-1" />
    <kerning first="107" second="101" amount="-1" />
    <kerning first="107" second="103" amount="-1" />
    <kerning first="107" second="113" amount="-1" />
    <kerning first="114" second="102" amount="1" />
    <kerning first="114" second="116" amount="1" />
    <kerning first="116" second="111" amount="-1" />
    <kerning first="119" second="44" amount="-4" />
    <kerning first="119" second="46" amount="-4" />
    <kerning first="123" second="74" amount="-1" />
    <kerning first="123" second="85" amount="-1" />
    <kerning first="34" second="34" amount="-1" />
    <kerning first="34" second="39" amount="-1" />
    <kerning first="34" second="65" amount="-3" />
    <kerning first="34" second="97" amount="-1" />
    <kerning first="34" second="99" amount="-2" />
    <kerning first="34" second="100" amount="-2" />
    <kerning first="34" second="101" amount="-2" />
    <kerning first="34" second="103" amount="-2" />
    <kerning first="34" second="113" amount="-2" />
    <kerning first="34" second="109" amount="-1" />
    <kerning first="34" second="110" amount="-1" />
    <kerning first="34" second="112" amount="-1" />
    <kerning first="34" second="111" amount="-3" />
    <kerning first="34" second="115" amount="-3" />
    <kerning first="39" second="34" amount="-1" />
    <kerning first="39" second="39" amount="-1" />
    <kerning first="39" second="65" amount="-3" />
    <kerning first="39" second="97" amount="-1" />
    <kerning first="39" second="99" amount="-2" />
    <kerning first="39" second="100" amount="-2" />
    <kerning first="39" second="101" amount="-2" />
    <kerning first="39" second="103" amount="-2" />
    <kerning first="39" second="113" amount="-2" />
    <kerning first="39" second="109" amount="-1" />
    <kerning first="39" second="110" amount="-1" />
    <kerning first="39" second="112" amount="-1" />
    <kerning first="39" second="111" amount="-3" />
    <kerning first="39" second="115" amount="-3" />
    <kerning first="44" second="34" amount="-8" />
    <kerning first="44" second="39" amount="-8" />
    <kerning first="46" second="34" amount="-8" />
    <kerning first="46" second="39" amount="-8" />
    <kerning first="65" second="34" amount="-3" />
    <kerning first="65" second="39" amount="-3" />
    <kerning first="65" second="109" amount="-1" />
    <kerning first="65" second="110" amount="-1" />
    <kerning first="65" second="112" amount="-1" />
    <kerning first="65" second="67" amount="-1" />
    <kerning first="65" second="71" amount="-1" />
    <kerning first="65" second="79" amount="-1" />
    <kerning first="65" second="81" amount="-1" />
    <kerning first="65" second="84" amount="-3" />
    <kerning first="65" second="86" amount="-2" />
    <kerning first="65" second="87" amount="-1" />
    <kerning first="65" second="89" amount="-4" />
    <kerning first="65" second="118" amount="-1" />
    <kerning first="65" second="121" amount="-1" />
    <kerning first="66" second="84" amount="-1" />
    <kerning first="66" second="86" amount="-1" />
    <kerning first="66" second="89" amount="-2" />
    <kerning first="67" second="84" amount="-1" />
    <kerning first="68" second="65" amount="-1" />
    <kerning first="68" second="84" amount="-2" />
    <kerning first="68" second="86" amount="-1" />
    <kerning first="68" second="89" amount="-1" />
    <kerning first="68" second="44" amount="-4" />
    <kerning first="68" second="46" amount="-4" />
    <kerning first="68" second="88" amount="-1" />
    <kerning first="68" second="90" amount="-1" />
    <kerning first="69" second="99" amount="-1" />
    <kerning first="69" second="100" amount="-1" />
    <kerning first="69" second="101" amount="-1" />
    <kerning first="69" second="103" amount="-1" />
    <kerning first="69" second="113" amount="-1" />
    <kerning first="69" second="111" amount="-1" />
    <kerning first="69" second="84" amount="1" />
    <kerning first="69" second="118" amount="-1" />
    <kerning first="69" second="121" amount="-1" />
    <kerning first="72" second="65" amount="1" />
    <kerning first="72" second="84" amount="-1" />
    <kerning first="72" second="89" amount="-1" />
    <kerning first="73" second="65" amount="1" />
    <kerning first="73" second="84" amount="-1" />
    <kerning first="73" second="89" amount="-1" />
    <kerning first="74" second="65" amount="-1" />
    <kerning first="75" second="99" amount="-1" />
    <kerning first="75" second="100" amount="-1" />
    <kerning first="75" second="101" amount="-1" />
    <kerning first="75" second="103" amount="-1" />
    <kerning first="75" second="113" amount="-1" />
    <kerning first="75" second="111" amount="-1" />
    <kerning first="75" second="67" amount="-1" />
    <kerning first="75" second="71" amount="-1" />
    <kerning first="75" second="79" amount="-1" />
    <kerning first="75" second="81" amount="-1" />
    <kerning first="75" second="117" amount="-1" />
    <kerning first="75" second="118" amount="-1" />
    <kerning first="75" second="121" amount="-1" />
    <kerning first="75" second="45" amount="-5" />
    <kerning first="76" second="34" amount="-8" />
    <kerning first="76" second="39" amount="-8" />
    <kerning first="76" second="65" amount="1" />
    <kerning first="76" second="67" amount="-2" />
    <kerning first="76" second="71" amount="-2" />
    <kerning first="76" second="79" amount="-2" />
    <kerning first="76" second="81" amount="-2" />
    <kerning first="76" second="84" amount="-6" />
    <kerning first="76" second="85" amount="-1" />
    <kerning first="76" second="86" amount="-6" />
    <kerning first="76" second="87" amount="-3" />
    <kerning first="76" second="89" amount="-8" />
    <kerning first="76" second="118" amount="-4" />
    <kerning first="76" second="121" amount="-4" />
    <kerning first="77" second="65" amount="1" />
    <kerning first="77" second="84" amount="-1" />
    <kerning first="77" second="89" amount="-1" />
    <kerning first="78" second="65" amount="1" />
    <kerning first="78" second="84" amount="-1" />
    <kerning first="78" second="89" amount="-1" />
    <kerning first="79" second="65" amount="-1" />
    <kerning first="79" second="84" amount="-2" />
    <kerning first="79" second="86" amount="-1" />
    <kerning first="79" second="89" amount="-1" />
    <kerning first="79" second="44" amount="-4" />
    <kerning first="79" second="46" amount="-4" />
    <kerning first="79" second="88" amount="-1" />
    <kerning first="79" second="90" amount="-1" />
    <kerning first="80" second="65" amount="-5" />
    <kerning first="80" second="44" amount="-12" />
    <kerning first="80" second="46" amount="-12" />
    <kerning first="80" second="88" amount="-1" />
    <kerning first="80" second="90" amount="-1" />
    <kerning first="80" second="74" amount="-5" />
    <kerning first="84" second="65" amount="-3" />
    <kerning first="84" second="97" amount="-5" />
    <kerning first="84" second="99" amount="-3" />
    <kerning first="84" second="100" amount="-3" />
    <kerning first="84" second="101" amount="-3" />
    <kerning first="84" second="103" amount="-3" />
    <kerning first="84" second="113" amount="-3" />
    <kerning first="84" second="109" amount="-3" />
    <kerning first="84" second="110" amount="-3" />
    <kerning first="84" second="112" amount="-3" />
    <kerning first="84" second="111" amount="-6" />
    <kerning first="84" second="115" amount="-2" />
    <kerning first="84" second="67" amount="-1" />
    <kerning first="84" second="71" amount="-1" />
    <kerning first="84" second="79" amount="-1" />
    <kerning first="84" second="81" amount="-1" />
    <kerning first="84" second="117" amount="-2" />
    <kerning first="84" second="118" amount="-2" />
    <kerning first="84" second="121" amount="-2" />
    <kerning first="84" second="122" amount="-2" />
    <kerning first="84" second="44" amount="-7" />
    <kerning first="84" second="46" amount="-7" />
    <kerning first="84" second="45" amount="-8" />
    <kerning first="84" second="74" amount="-6" />
    <kerning first="84" second="120" amount="-2" />
    <kerning first="85" second="65" amount="-1" />
    <kerning first="86" second="65" amount="-2" />
    <kerning first="86" second="97" amount="-1" />
    <kerning first="86" second="99" amount="-1" />
    <kerning first="86" second="100" amount="-1" />
    <kerning first="86" second="101" amount="-1" />
    <kerning first="86" second="103" amount="-1" />
    <kerning first="86" second="113" amount="-1" />
    <kerning first="86" second="111" amount="-1" />
    <kerning first="86" second="117" amount="-1" />
    <kerning first="86" second="44" amount="-6" />
    <kerning first="86" second="46" amount="-6" />
    <kerning first="86" second="45" amount="-5" />
    <kerning first="87" second="65" amount="-1" />
    <kerning first="87" second="97" amount="-1" />
    <kerning first="87" second="99" amount="-1" />
    <kerning first="87" second="100" amount="-1" />
    <kerning first="87" second="101" amount="-1" />
    <kerning first="87" second="103" amount="-1" />
    <kerning first="87" second="113" amount="-1" />
    <kerning first="87" second="111" amount="-1" />
    <kerning first="87" second="117" amount="-1" />
    <kerning first="87" second="44" amount="-4" />
    <kerning first="87" second="46" amount="-4" />
    <kerning first="87" second="45" amount="-2" />
    <kerning first="88" second="99" amount="-1" />
    <kerning first="88" second="100" amount="-1" />
    <kerning first="88" second="101" amount="-1" />
    <kerning first="88" second="103" amount="-1" />
    <kerning first="88" second="113" amount="-1" />
    <kerning first="88" second="111" amount="-1" />
    <kerning first="88" second="67" amount="-1" />
    <kerning first="88" second="71" amount="-1" />
    <kerning first="88" second="79" amount="-1" />
    <kerning first="88" second="81" amount="-1" />
    <kerning first="88" second="117" amount="-1" />
    <kerning first="88" second="118" amount="-1" />
    <kerning first="88" second="121" amount="-1" />
    <kerning first="88" second="45" amount="-5" />
    <kerning first="89" second="65" amount="-4" />
    <kerning first="89" second="97" amount="-2" />
    <kerning first="89" second="99" amount="-2" />
    <kerning first="89" second="100" amount="-2" />
    <kerning first="89" second="101" amount="-2" />
    <kerning first="89" second="103" amount="-2" />
    <kerning first="89" second="113" amount="-2" />
    <kerning first="89" second="109" amount="-1" />
    <kerning first="89" second="110" amount="-1" />
    <kerning first="89" second="112" amount="-1" />
    <kerning first="89" second="111" amount="-2" />
    <kerning first="89" second="115" amount="-2" />
    <kerning first="89" second="67" amount="-1" />
    <kerning first="89" second="71" amount="-1" />
    <kerning first="89" second="79" amount="-1" />
    <kerning first="89" second="81" amount="-1" />
    <kerning first="89" second="85" amount="-3" />
    <kerning first="89" second="86" amount="1" />
    <kerning first="89" second="89" amount="1" />
    <kerning first="89" second="117" amount="-1" />
    <kerning first="89" second="118" amount="-1" />
    <kerning first="89" second="121" amount="-1" />
    <kerning first="89" second="122" amount="-1" />
    <kerning first="89" second="44" amount="-7" />
    <kerning first="89" second="46" amount="-7" />
    <kerning first="89" second="45" amount="-4" />
    <kerning first="89" second="74" amount="-3" />
    <kerning first="89" second="120" amount="-1" />
    <kerning first="90" second="99" amount="-1" />
    <kerning first="90" second="100" amount="-1" />
    <kerning first="90" second="101" amount="-1" />
    <kerning first="90" second="103" amount="-1" />
    <kerning first="90" second="113" amount="-1" />
    <kerning first="90" second="111" amount="-1" />
    <kerning first="90" second="67" amount="-1" />
    <kerning first="90" second="71" amount="-1" />
    <kerning first="90" second="79" amount="-1" />
    <kerning first="90" second="81" amount="-1" />
    <kerning first="90" second="117" amount="-1" />
    <kerning first="90" second="118" amount="-1" />
    <kerning first="90" second="121" amount="-1" />
    <kerning first="98" second="34" amount="-1" />
    <kerning first="98" second="39" amount="-1" />
    <kerning first="104" second="34" amount="-2" />
    <kerning first="104" second="39" amount="-2" />
    <kerning first="109" second="34" amount="-2" />
    <kerning first="109" second="39" amount="-2" />
    <kerning first="110" second="34" amount="-2" />
    <kerning first="110" second="39" amount="-2" />
    <kerning first="111" second="34" amount="-3" />
    <kerning first="111" second="39" amount="-3" />
    <kerning first="111" second="120" amount="-1" />
    <kerning first="112" second="34" amount="-1" />
    <kerning first="112" second="39" amount="-1" />
    <kerning first="114" second="97" amount="-1" />
    <kerning first="114" second="99" amount="-1" />
    <kerning first="114" second="100" amount="-1" />
    <kerning first="114" second="101" amount="-1" />
    <kerning first="114" second="103" amount="-1" />
    <kerning first="114" second="113" amount="-1" />
    <kerning first="114" second="111" amount="-1" />
    <kerning first="114" second="118" amount="1" />
    <kerning first="114" second="121" amount="1" />
    <kerning first="114" second="44" amount="-5" />
    <kerning first="114" second="46" amount="-5" />
    <kerning first="118" second="44" amount="-5" />
    <kerning first="118" second="46" amount="-5" />
    <kerning first="120" second="99" amount="-1" />
    <kerning first="120" second="100" amount="-1" />
    <kerning first="120" second="101" amount="-1" />
    <kerning first="120" second="103" amount="-1" />
    <kerning first="120" second="113" amount="-1" />
    <kerning first="120" second="111" amount="-1" />
    <kerning first="121" second="44" amount="-5" />
    <kerning first="121" second="46" amount="-5" />
  </kernings>
</font>
